7507f350acbe32d15c04b149958ad6f8b3e64e00,DELETE,regular-file,android/app/build/intermediates/flutter/release/arm64-v8a/app.so,132,
0a29d33683044bd8f0a8466d29459472d8d69c65,DELETE,regular-file,android/app/build/intermediates/flutter/release/armeabi-v7a/app.so,132,
f80e05136062db36b35fcde94483642610138438,DELETE,regular-file,android/app/build/intermediates/flutter/release/x86_64/app.so,132,
7507f350acbe32d15c04b149958ad6f8b3e64e00,DELETE,regular-file,android/app/build/intermediates/merged_native_libs/release/mergeReleaseNativeLibs/out/lib/arm64-v8a/libapp.so,132,
311a240d913600c09c91ccae39a950c07cc7be6d,DELETE,regular-file,android/app/build/intermediates/merged_native_libs/release/mergeReleaseNativeLibs/out/lib/arm64-v8a/libdartjni.so,131,
8bdc638f0a84a0b0142783d7e92ccb829252237b,DELETE,regular-file,android/app/build/intermediates/merged_native_libs/release/mergeReleaseNativeLibs/out/lib/arm64-v8a/libdatastore_shared_counter.so,129,
331467b89f5e559a7910391cbd17710566822e78,DELETE,regular-file,android/app/build/intermediates/merged_native_libs/release/mergeReleaseNativeLibs/out/lib/arm64-v8a/libflutter.so,134,
0a29d33683044bd8f0a8466d29459472d8d69c65,DELETE,regular-file,android/app/build/intermediates/merged_native_libs/release/mergeReleaseNativeLibs/out/lib/armeabi-v7a/libapp.so,132,
3e207e64d9a4142af75715f6038b28755fce7ab6,DELETE,regular-file,android/app/build/intermediates/merged_native_libs/release/mergeReleaseNativeLibs/out/lib/armeabi-v7a/libdartjni.so,131,
68957a96407f492f90b51707401148a8f72cffa0,DELETE,regular-file,android/app/build/intermediates/merged_native_libs/release/mergeReleaseNativeLibs/out/lib/armeabi-v7a/libdatastore_shared_counter.so,129,
39e309de45c705547c73e6220406d71942ad2368,DELETE,regular-file,android/app/build/intermediates/merged_native_libs/release/mergeReleaseNativeLibs/out/lib/armeabi-v7a/libflutter.so,134,
108458b0e61d989112914a219ec2f72e754b489c,DELETE,regular-file,android/app/build/intermediates/merged_native_libs/release/mergeReleaseNativeLibs/out/lib/x86/libdartjni.so,131,
05954c6d43448b78455e54dd9e9f285f07225c8b,DELETE,regular-file,android/app/build/intermediates/merged_native_libs/release/mergeReleaseNativeLibs/out/lib/x86/libdatastore_shared_counter.so,129,
f80e05136062db36b35fcde94483642610138438,DELETE,regular-file,android/app/build/intermediates/merged_native_libs/release/mergeReleaseNativeLibs/out/lib/x86_64/libapp.so,132,
10d3c56781f03e68c5a11f0f0c2326b98962bd2a,DELETE,regular-file,android/app/build/intermediates/merged_native_libs/release/mergeReleaseNativeLibs/out/lib/x86_64/libdartjni.so,131,
35b534733d2f6a6ffe137f5a40eb6cafb337f9d1,DELETE,regular-file,android/app/build/intermediates/merged_native_libs/release/mergeReleaseNativeLibs/out/lib/x86_64/libdatastore_shared_counter.so,129,
8bf00d9b5d133769c177b18432a2cfee5f824c04,DELETE,regular-file,android/app/build/intermediates/merged_native_libs/release/mergeReleaseNativeLibs/out/lib/x86_64/libflutter.so,134,
6cb773dc883a58762b34d007f8e02976ea2ff8f5,DELETE,regular-file,android/app/build/intermediates/stripped_native_libs/release/stripReleaseDebugSymbols/out/lib/arm64-v8a/libapp.so,132,
0a1811236a3c43ab7c99116408ce01a1ef615699,DELETE,regular-file,android/app/build/intermediates/stripped_native_libs/release/stripReleaseDebugSymbols/out/lib/arm64-v8a/libdartjni.so,131,
8bdc638f0a84a0b0142783d7e92ccb829252237b,DELETE,regular-file,android/app/build/intermediates/stripped_native_libs/release/stripReleaseDebugSymbols/out/lib/arm64-v8a/libdatastore_shared_counter.so,129,
86e316b822de6b5c72abaa9eab7fbda6e3f4e1e7,DELETE,regular-file,android/app/build/intermediates/stripped_native_libs/release/stripReleaseDebugSymbols/out/lib/arm64-v8a/libflutter.so,133,
44cb6dc2c0b4f57c2673ac079f8aa62a2fc623c6,DELETE,regular-file,android/app/build/intermediates/stripped_native_libs/release/stripReleaseDebugSymbols/out/lib/armeabi-v7a/libapp.so,132,
3ca892cde5eebfe2364a5bc4842eba5ce07b9cd1,DELETE,regular-file,android/app/build/intermediates/stripped_native_libs/release/stripReleaseDebugSymbols/out/lib/armeabi-v7a/libdartjni.so,130,
68957a96407f492f90b51707401148a8f72cffa0,DELETE,regular-file,android/app/build/intermediates/stripped_native_libs/release/stripReleaseDebugSymbols/out/lib/armeabi-v7a/libdatastore_shared_counter.so,129,
e1c8622ca95b5674cb8411ea0d330ca9b1e1ef35,DELETE,regular-file,android/app/build/intermediates/stripped_native_libs/release/stripReleaseDebugSymbols/out/lib/armeabi-v7a/libflutter.so,132,
6f58826c5fe3fd7e0d9ae64ff29e770504388d98,DELETE,regular-file,android/app/build/intermediates/stripped_native_libs/release/stripReleaseDebugSymbols/out/lib/x86/libdartjni.so,131,
05954c6d43448b78455e54dd9e9f285f07225c8b,DELETE,regular-file,android/app/build/intermediates/stripped_native_libs/release/stripReleaseDebugSymbols/out/lib/x86/libdatastore_shared_counter.so,129,
de92f33eaa978aec093a87b0249162d7554cb2bc,DELETE,regular-file,android/app/build/intermediates/stripped_native_libs/release/stripReleaseDebugSymbols/out/lib/x86_64/libapp.so,132,
cc06d57cf69b2af23c2e78a36bd9ed1f4d98049f,DELETE,regular-file,android/app/build/intermediates/stripped_native_libs/release/stripReleaseDebugSymbols/out/lib/x86_64/libdartjni.so,131,
35b534733d2f6a6ffe137f5a40eb6cafb337f9d1,DELETE,regular-file,android/app/build/intermediates/stripped_native_libs/release/stripReleaseDebugSymbols/out/lib/x86_64/libdatastore_shared_counter.so,129,
c10f361a9e5ed3e33e1a9f399368adc209e9b929,DELETE,regular-file,android/app/build/intermediates/stripped_native_libs/release/stripReleaseDebugSymbols/out/lib/x86_64/libflutter.so,133,
